,Customer_Name,Similar_Name
0,3f inc,3f inc
1,abbey international,abbey international
2,acm,acm
3,adventist health,adventist health
4,aecom,aecom
5,aes corporation,aes corporation
6,aim bank,aim bank
7,alliance medical,alliance medical
8,allied healthcare,allied healthcare
9,alpha bank,alpha bank
10,alps fcu,alps fcu
11,amano corporation,amano corporation
12,amdocs inc,amdocs inc
13,american express,american express
14,amicus horizon,amicus horizon
15,amundi,amundi
16,amundi,amundi
17,aon corporation,aon corporation
18,applied systems,applied systems
19,arc international,arc international
20,arcadia group,arcadia group
21,ariel re,ariel re
22,as watson,as watson
23,ascend,ascend
24,axians,axians
25,axiom bank,axiom bank
26,axon,axon
27,bae systems,bae systems
28,banco santander,banco santander
29,bank forward,bank forward
30,banner bank,banner bank
31,basel lighthouse,basel lighthouse
32,baxter ag,baxter ag
33,bayer business,bayer business
34,bcd travel,bcd travel
35,berkshire bank,berkshire bank
36,bhp billiton,bhp billiton
37,blood systems,blood systems
38,box consultants,box consultants
39,bridge bank,bridge bank
40,bridge bank,bridge bank
41,brighton bank,brighton bank
42,brighton bank,brighton bank
43,brown brothers,brown brothers
44,butterfield bank,butterfield bank
45,cae inc.,cae inc.
46,calumet,calumet
47,can capital,can capital
48,capgemini,capgemini
49,carlson wagonlit,carlson wagonlit
50,carlson wagonlit,carlson wagonlit
51,cascade engineering,cascade engineering
52,cbs,cbs
53,cdw corporation,cdw corporation
54,celgene corporation,celgene corporation
55,centro,centro
56,centurylink,centurylink
57,chemetall gmbh,chemetall gmbh
58,circle k,circle k
59,city bank,city bank
60,city beach,city beach
61,civica australia,civica australia
62,clinton cards,clinton cards
63,cls consulting,cls consulting
64,cms,cms
65,cms,cms
66,cobham,cobham
67,cobham,cobham
68,cochlear,cochlear
69,commercial bank,commercial bank
70,commercial bank,commercial bank
71,compassion australia,compassion australia
72,compugroup medical,compugroup medical
73,computer sciences,computer sciences
74,concord college,concord college
75,continental ag,continental ag
76,continental ag,continental ag
77,cook county,cook county
78,cook county,cook county
79,coop,coop
80,cosco,cosco
81,crane co,crane co
82,cri,cri
83,csl behring,csl behring
84,csm,csm
85,cti,cti
86,dell,dell
87,detroit diesel,detroit diesel
88,direct energy,direct energy
89,direct ict,direct ict
90,direct supply,direct supply
91,disa,disa
92,dsw inc.,dsw inc.
93,dts,dts
94,durham college,durham college
95,dvg,dvg
96,dxc technology,dxc technology
97,dxc technology,dxc technology
98,edco,edco
99,edf energy,edf energy
100,education office,education office
101,emerson process,emerson process
102,emerson process,emerson process
103,emerson process,emerson process management
104,emerson process,emerson process management
105,energy transfer,energy transfer
106,energy transfer,energy transfer
107,engineering design,engineering design
108,enterprise bank,enterprise bank
109,epson america,epson america
110,eriks,eriks
111,ferguson enterprises,ferguson enterprises
112,fis,fis
113,florence bank,florence bank
114,fm tyres,fm tyres
115,food lion,food lion
116,freedom bank,freedom bank
117,frontier bank,frontier bank
118,fujitsu,fujitsu
119,fujitsu,fujitsu
120,g4s,g4s
121,general dynamics,general dynamics
122,general office,general office
123,generali,generali
124,generali,generali
125,generali,generali china
126,generali,generali china
127,genzyme corporation,genzyme corporation
128,geodis,geodis
129,glencore,glencore
130,gls companies,gls companies
131,gmac,gmac
132,grace health,grace health
133,green it,green it
134,groupe icf,groupe icf
135,harvey nichols,harvey nichols
136,hastings college,hastings college
137,heat software,heat software
138,heatcraft,heatcraft
139,hewlett-packard (canada),hewlett-packard (canada)
140,hewlett-packard co,hewlett-packard co
141,hms,hms
142,hp,hp
143,hw systems,hw systems
144,ing,ing
145,ing,ing
146,ing,ing
147,ingram micro,ingram micro
148,itochu corporation,itochu corporation
149,itochu corporation,itochu corporation
150,its inc,its inc
151,jet aviation,jet aviation
152,johnson & johnson,johnson & johnson
153,kings college,kings college
154,kingston police,kingston police
155,komit urs,komit urs
156,kroll ontrack,kroll ontrack
157,krones ag,krones ag
158,lafarge,lafarge
159,lafarge,lafarge
160,landmark bank,landmark bank
161,landmark bank,landmark bank
162,leaseplan australia,leaseplan australia
163,leidos,leidos
164,leidos,leidos
165,lilly,lilly
166,lilly,lilly
167,lincoln industries,lincoln industries
168,lockheed martin,lockheed martin
169,lockheed martin,lockheed martin
170,loop llc,loop llc
171,luye pharma,luye pharma
172,magna powertrain,magna powertrain
173,maiden global,maiden global
174,management planning,management planning
175,mapfre,mapfre
176,mapfre,mapfre
177,mapfre,mapfre insular insurance
178,mapfre,mapfre insular insurance
179,mapfre,mapfre insular insurance
180,mapfre,mapfre la centroamericana
181,mapfre,mapfre la centroamericana
182,markel corporation,markel corporation
183,martin gmbh,martin gmbh
184,mastek limited,mastek limited
185,match.com,match.com
186,merrill lynch,merrill lynch
187,merrill lynch,merrill lynch
188,metropolitan council,metropolitan council
189,microsoft corporation,microsoft corporation
190,mitsubishi corporation,mitsubishi corporation
191,mitsubishi corporation,mitsubishi corporation
192,munich re,munich re
193,murex,murex
194,mutual bank,mutual bank
195,nacco,nacco
196,national grid,national grid
197,natixis,natixis
198,nec australia,nec australia
199,network ten,network ten
200,newcastle university,newcastle university
201,nielsen,nielsen
202,nippon express,nippon express
203,northrop grumman,northrop grumman
204,northrop grumman,northrop grumman corporation
205,northrop grumman,northrop grumman systems
206,novus group,novus group
207,olympus corporation,olympus corporation
208,omnicom,omnicom
209,optimum credit,optimum credit
210,optiver,optiver
211,origin bank,origin bank
212,owen contractors,owen contractors
213,panasonic appliances,panasonic appliances
214,parexel,parexel
215,pearson group,pearson group
216,peoples bank,peoples bank
217,pioneer bank,pioneer bank
218,pmc,pmc
219,profile bank,profile bank
220,progressive enterprises,progressive enterprises
221,providence capital,providence capital
222,qinetiq,qinetiq
223,raymond james,raymond james
224,raytheon,raytheon
225,reed exhibitions,reed exhibitions
226,reed management,reed management
227,rexel,rexel
228,ring,ring
229,riverside bank,riverside bank
230,rolls-royce,rolls-royce
231,saic,saic
232,santander consumer,santander consumer
233,sap se,sap se
234,schmitz cargobull,schmitz cargobull
235,sephora,sephora
236,shire,shire
237,siemens ag,siemens ag
238,sina,sina
239,sitel,sitel
240,skechers,skechers
241,societe generale,societe generale
242,sonepar,sonepar
243,southampton hospital,southampton hospital
244,st andrews,st andrews
245,stalwart,stalwart
246,standard life,standard life
247,subaru europe,subaru europe
248,subaru europe,subaru europe
249,summa college,summa college
250,t-systems,t-systems
251,t-systems,t-systems
252,t-systems,t-systems
253,target corporation,target corporation
254,team consulting,team consulting
255,tech mahindra,tech mahindra
256,teleperformance,teleperformance
257,tullett prebon,tullett prebon
258,ultima bank,ultima bank
259,unicef,unicef
260,united bank,united bank
261,unity healthcare,unity healthcare
262,university hospital,university hospital
263,veka ag,veka ag
264,verus,verus
265,vodafone,vodafone
266,westpac,westpac
267,wipro limited,wipro limited
268,xerox,xerox
269,yell,yell
270,airasia berhad,airasia berhad
271,amundi,amundi
272,baiduri bank,baiduri bank
273,billanook college,billanook college
274,bitdefender srl,bitdefender srl
275,bnp paribas,bnp paribas
276,bnp paribas,bnp paribas
277,bnp paribas,bnp paribas
278,bridge bank,bridge bank
279,brighton bank,brighton bank
280,ca technologies,ca technologies
281,canada life,canada life
282,carlson wagonlit,carlson wagonlit
283,cms,cms
284,cobham,cobham
285,commercial bank,commercial bank
286,commerzbank ag,commerzbank ag
287,continental ag,continental ag
288,cook county,cook county
289,crane co.,crane co.
290,crown equipment,crown equipment
291,crown equipment,crown equipment
292,crown equipment,crown equipment
293,csc,csc
294,csc,csc
295,csc,csc
296,dexia,dexia
297,dxc technology,dxc technology
298,emerson process,emerson process
299,emerson process,emerson process management
300,emerson process,emerson process management
301,emerson process,emerson process management
302,emerson process,emerson process management
303,entra asbl,entra asbl
304,f-secure corporation,f-secure corporation
305,f-secure corporation,f-secure corporation
306,f-secure corporation,f-secure corporation
307,fujitsu,fujitsu
308,generali,generali
309,generali,generali china
310,generali,generali china
311,generali,generali china
312,generali,generali china
313,generali china,generali china
314,"groupon, inc.","groupon, inc."
315,hbo singapore,hbo singapore
316,hbo singapore,hbo singapore
317,hbo singapore,hbo singapore
318,hdfc ltd,hdfc ltd
319,heritage bank,heritage bank
320,heritage bank,heritage bank
321,heritage bank,heritage bank
322,hikari tsushin,hikari tsushin
323,box inc,box inc
324,honda mpe,honda mpe
325,ibm corporation,ibm corporation
326,icici bank,icici bank
327,ing,ing
328,ing,ing
329,ing,ing
330,insearch,insearch
331,international baccalaureate,international baccalaureate
332,iron mountain,iron mountain
333,iron mountain,iron mountain
334,iron mountain,iron mountain inc
335,iron mountain,iron mountain inc
336,iron mountain,iron mountain
337,iron mountain,iron mountain inc
338,iron mountain,iron mountain inc
339,iron mountain,iron mountain inc
340,iron mountain,iron mountain inc
341,itochu corporation,itochu corporation
342,"kanro co.,ltd.","kanro co.,ltd."
343,kaseya limited,kaseya limited
344,konica minolta,konica minolta
345,konica minolta,konica minolta
346,konica minolta,konica minolta business
347,konica minolta,konica minolta business
348,konica minolta,konica minolta business
349,konica minolta,konica minolta
350,konica minolta,konica minolta business
351,konica minolta,konica minolta business
352,konica minolta,konica minolta business
353,konica minolta,konica minolta business
354,konica minolta,konica minolta business
355,konica minolta,konica minolta business
356,kpmg,kpmg
357,kpmg,kpmg
358,kpmg,kpmg ag
359,kpmg,kpmg ag
360,kpmg,kpmg
361,kpmg,kpmg ag
362,kpmg,kpmg ag
363,kpmg,kpmg ag
364,kpmg,kpmg ag
365,kpmg ag,kpmg ag
366,lafarge,lafarge
367,landmark bank,landmark bank
368,landmark health,landmark health
369,leidos,leidos
370,lilly,lilly
371,l brands,l brands
372,lixil corporation,lixil corporation
373,lockheed martin,lockheed martin
374,maeda corporation,maeda corporation
375,mapfre,mapfre
376,mapfre,mapfre insular insurance
377,mapfre,mapfre insular insurance
378,mapfre,mapfre insular insurance
379,mapfre,mapfre la centroamericana
380,mapfre,mapfre la centroamericana
381,mapfre,mapfre insular insurance
382,mapfre,mapfre insular insurance
383,mapfre,mapfre insular insurance
384,mapfre,mapfre la centroamericana
385,mapfre,mapfre la centroamericana
386,market metrics,market metrics
387,marubeni corporation,marubeni corporation
388,matrix42 ag,matrix42 ag
389,mckesson,mckesson
390,energy transfer,energy transfer
391,merrill lynch,merrill lynch
392,miradore,miradore
393,mitsubishi corporation,mitsubishi corporation
394,mitsubishi electric,mitsubishi electric
395,northgate arinso,northgate arinso
396,northrop grumman,northrop grumman corporation
397,northrop grumman,northrop grumman systems
398,pricewaterhousecoopers,pricewaterhousecoopers
399,pricewaterhousecoopers,pricewaterhousecoopers
400,pricewaterhousecoopers,pricewaterhousecoopers
401,pro logis,pro logis
402,qliktech,qliktech
403,ryoden trading,ryoden trading
404,sercel,sercel
405,sita,sita
406,sodexo,sodexo
407,softronic,softronic
408,spendvision ltd,spendvision ltd
409,subaru europe,subaru europe
410,switch,switch
411,t-systems,t-systems
412,t-systems,t-systems
413,t-systems,t-systems
414,taby kommun,taby kommun
415,tbwa,tbwa
416,thomas behrndt,thomas behrndt
417,trinity health,trinity health
418,tyro payments,tyro payments
419,villa maria,villa maria
420,vwr,vwr
421,worldpay,worldpay
422,xymax corporation,xymax corporation
423,yasui kagu,yasui kagu
